id,nickname,r,g,b,hex.auto,color,value
1,red_1,255,0,0,#FF0000,red,255
2,red_2,255,1,0,#FF0100,red,511
3,red_3,255,2,0,#FF0200,red,767
4,red_4,255,4,0,#FF0400,red,1279
5,red_5,255,5,0,#FF0500,red,1535
6,red_6,255,7,0,#FF0700,red,2047
7,red_7,255,8,0,#FF0800,red,2303
8,red_8,255,10,0,#FF0A00,red,2815
9,red_9,255,11,0,#FF0B00,red,3071
10,red_10,255,13,0,#FF0D00,red,3583
11,red_11,255,14,0,#FF0E00,red,3839
12,red_12,255,16,0,#FF1000,red,4351
13,red_13,255,17,0,#FF1100,red,4607
14,red_14,255,19,0,#FF1300,red,5119
15,red_15,255,20,0,#FF1400,red,5375
16,red_16,255,22,0,#FF1600,red,5887
17,red_17,255,23,0,#FF1700,red,6143
18,red_18,255,25,0,#FF1900,red,6655
19,red_19,255,26,0,#FF1A00,red,6911
20,red_20,255,28,0,#FF1C00,red,7423
21,red_21,255,29,0,#FF1D00,red,7679
22,red_22,255,31,0,#FF1F00,red,8191
23,red_23,255,32,0,#FF2000,red,8447
24,red_24,255,34,0,#FF2200,red,8959
25,red_25,255,35,0,#FF2300,red,9215
26,red_26,255,37,0,#FF2500,red,9727
27,red_27,255,38,0,#FF2600,red,9983
28,red_28,255,40,0,#FF2800,red,10495
29,red_29,255,41,0,#FF2900,red,10751
30,red_30,255,43,0,#FF2B00,red,11263
31,red_31,255,44,0,#FF2C00,red,11519
32,red_32,255,46,0,#FF2E00,red,12031
33,red_33,255,47,0,#FF2F00,red,12287
34,red_34,255,49,0,#FF3100,red,12799
35,red_35,255,50,0,#FF3200,red,13055
36,red_36,255,52,0,#FF3400,red,13567
37,red_37,255,53,0,#FF3500,red,13823
38,red_38,255,55,0,#FF3700,red,14335
39,red_39,255,56,0,#FF3800,red,14591
40,red_40,255,57,0,#FF3900,red,14847
41,red_41,255,59,0,#FF3B00,red,15359
42,red_42,255,60,0,#FF3C00,red,15615
43,red_43,255,62,0,#FF3E00,red,16127
44,red_44,255,63,0,#FF3F00,red,16383
45,red_45,255,65,0,#FF4100,red,16895
46,red_46,255,66,0,#FF4200,red,17151
47,red_47,255,68,0,#FF4400,red,17663
48,red_48,255,69,0,#FF4500,red,17919
49,red_49,255,71,0,#FF4700,red,18431
50,red_50,255,72,0,#FF4800,red,18687
51,red_51,255,74,0,#FF4A00,red,19199
52,red_52,255,75,0,#FF4B00,red,19455
53,red_53,255,77,0,#FF4D00,red,19967
54,red_54,255,78,0,#FF4E00,red,20223
55,red_55,255,80,0,#FF5000,red,20735
56,red_56,255,81,0,#FF5100,red,20991
57,red_57,255,83,0,#FF5300,red,21503
58,red_58,255,84,0,#FF5400,red,21759
59,red_59,255,86,0,#FF5600,red,22271
60,red_60,255,87,0,#FF5700,red,22527
61,red_61,255,89,0,#FF5900,red,23039
62,red_62,255,90,0,#FF5A00,red,23295
63,red_63,255,92,0,#FF5C00,red,23807
64,red_64,255,93,0,#FF5D00,red,24063
65,red_65,255,95,0,#FF5F00,red,24575
66,red_66,255,96,0,#FF6000,red,24831
67,red_67,255,98,0,#FF6200,red,25343
68,red_68,255,99,0,#FF6300,red,25599
69,red_69,255,101,0,#FF6500,red,26111
70,red_70,255,102,0,#FF6600,red,26367
71,red_71,255,104,0,#FF6800,red,26879
72,red_72,255,105,0,#FF6900,red,27135
73,red_73,255,107,0,#FF6B00,red,27647
74,red_74,255,108,0,#FF6C00,red,27903
75,red_75,255,110,0,#FF6E00,red,28415
76,red_76,255,111,0,#FF6F00,red,28671
77,red_77,255,112,0,#FF7000,red,28927
78,red_78,255,114,0,#FF7200,red,29439
79,red_79,255,115,0,#FF7300,red,29695
80,red_80,255,117,0,#FF7500,red,30207
81,red_81,255,118,0,#FF7600,red,30463
82,red_82,255,120,0,#FF7800,red,30975
83,red_83,255,121,0,#FF7900,red,31231
84,red_84,255,123,0,#FF7B00,red,31743
85,red_85,255,124,0,#FF7C00,red,31999
86,red_86,255,126,0,#FF7E00,red,32511
87,red_87,255,127,0,#FF7F00,red,32767
88,red_88,255,129,0,#FF8100,red,33279
89,red_89,255,130,0,#FF8200,red,33535
90,red_90,255,132,0,#FF8400,red,34047
91,red_91,255,133,0,#FF8500,red,34303
92,red_92,255,135,0,#FF8700,red,34815
93,red_93,255,136,0,#FF8800,red,35071
94,red_94,255,138,0,#FF8A00,red,35583
95,red_95,255,139,0,#FF8B00,red,35839
96,red_96,255,141,0,#FF8D00,red,36351
97,red_97,255,142,0,#FF8E00,red,36607
98,red_98,255,144,0,#FF9000,red,37119
99,red_99,255,145,0,#FF9100,red,37375
100,red_100,255,147,0,#FF9300,red,37887
101,orange_101,255,148,0,#FF9400,orange,38143
102,orange_102,255,150,0,#FF9600,orange,38655
103,orange_103,255,151,0,#FF9700,orange,38911
104,orange_104,255,153,0,#FF9900,orange,39423
105,orange_105,255,154,0,#FF9A00,orange,39679
106,orange_106,255,156,0,#FF9C00,orange,40191
107,orange_107,255,157,0,#FF9D00,orange,40447
108,orange_108,255,159,0,#FF9F00,orange,40959
109,orange_109,255,160,0,#FFA000,orange,41215
110,orange_110,255,162,0,#FFA200,orange,41727
111,orange_111,255,163,0,#FFA300,orange,41983
112,orange_112,255,165,0,#FFA500,orange,42495
113,orange_113,255,165,0,#FFA500,orange,42495
114,orange_114,255,166,0,#FFA600,orange,42751
115,orange_115,255,167,0,#FFA700,orange,43007
116,orange_116,255,168,0,#FFA800,orange,43263
117,orange_117,255,169,0,#FFA900,orange,43519
118,orange_118,255,169,0,#FFA900,orange,43519
119,orange_119,255,170,0,#FFAA00,orange,43775
120,orange_120,255,171,0,#FFAB00,orange,44031
121,orange_121,255,172,0,#FFAC00,orange,44287
122,orange_122,255,173,0,#FFAD00,orange,44543
123,orange_123,255,173,0,#FFAD00,orange,44543
124,orange_124,255,174,0,#FFAE00,orange,44799
125,orange_125,255,175,0,#FFAF00,orange,45055
126,orange_126,255,176,0,#FFB000,orange,45311
127,orange_127,255,177,0,#FFB100,orange,45567
128,orange_128,255,177,0,#FFB100,orange,45567
129,orange_129,255,178,0,#FFB200,orange,45823
130,orange_130,255,179,0,#FFB300,orange,46079
131,orange_131,255,180,0,#FFB400,orange,46335
132,orange_132,255,181,0,#FFB500,orange,46591
133,orange_133,255,182,0,#FFB600,orange,46847
134,orange_134,255,182,0,#FFB600,orange,46847
135,orange_135,255,183,0,#FFB700,orange,47103
136,orange_136,255,184,0,#FFB800,orange,47359
137,orange_137,255,185,0,#FFB900,orange,47615
138,orange_138,255,186,0,#FFBA00,orange,47871
139,orange_139,255,186,0,#FFBA00,orange,47871
140,orange_140,255,187,0,#FFBB00,orange,48127
141,orange_141,255,188,0,#FFBC00,orange,48383
142,orange_142,255,189,0,#FFBD00,orange,48639
143,orange_143,255,190,0,#FFBE00,orange,48895
144,orange_144,255,190,0,#FFBE00,orange,48895
145,orange_145,255,191,0,#FFBF00,orange,49151
146,orange_146,255,192,0,#FFC000,orange,49407
147,orange_147,255,193,0,#FFC100,orange,49663
148,orange_148,255,194,0,#FFC200,orange,49919
149,orange_149,255,195,0,#FFC300,orange,50175
150,orange_150,255,195,0,#FFC300,orange,50175
151,orange_151,255,196,0,#FFC400,orange,50431
152,orange_152,255,197,0,#FFC500,orange,50687
153,orange_153,255,198,0,#FFC600,orange,50943
154,orange_154,255,199,0,#FFC700,orange,51199
155,orange_155,255,199,0,#FFC700,orange,51199
156,orange_156,255,200,0,#FFC800,orange,51455
157,orange_157,255,201,0,#FFC900,orange,51711
158,orange_158,255,202,0,#FFCA00,orange,51967
159,orange_159,255,203,0,#FFCB00,orange,52223
160,orange_160,255,203,0,#FFCB00,orange,52223
161,orange_161,255,204,0,#FFCC00,orange,52479
162,orange_162,255,205,0,#FFCD00,orange,52735
163,orange_163,255,206,0,#FFCE00,orange,52991
164,orange_164,255,207,0,#FFCF00,orange,53247
165,orange_165,255,207,0,#FFCF00,orange,53247
166,orange_166,255,208,0,#FFD000,orange,53503
167,orange_167,255,209,0,#FFD100,orange,53759
168,orange_168,255,210,0,#FFD200,orange,54015
169,orange_169,255,211,0,#FFD300,orange,54271
170,orange_170,255,212,0,#FFD400,orange,54527
171,orange_171,255,212,0,#FFD400,orange,54527
172,orange_172,255,213,0,#FFD500,orange,54783
173,orange_173,255,214,0,#FFD600,orange,55039
174,orange_174,255,215,0,#FFD700,orange,55295
175,orange_175,255,216,0,#FFD800,orange,55551
176,orange_176,255,216,0,#FFD800,orange,55551
177,orange_177,255,217,0,#FFD900,orange,55807
178,orange_178,255,218,0,#FFDA00,orange,56063
179,orange_179,255,219,0,#FFDB00,orange,56319
180,orange_180,255,220,0,#FFDC00,orange,56575
181,orange_181,255,220,0,#FFDC00,orange,56575
182,orange_182,255,221,0,#FFDD00,orange,56831
183,orange_183,255,222,0,#FFDE00,orange,57087
184,orange_184,255,223,0,#FFDF00,orange,57343
185,orange_185,255,224,0,#FFE000,orange,57599
186,orange_186,255,225,0,#FFE100,orange,57855
187,orange_187,255,225,0,#FFE100,orange,57855
188,orange_188,255,226,0,#FFE200,orange,58111
189,orange_189,255,227,0,#FFE300,orange,58367
190,orange_190,255,228,0,#FFE400,orange,58623
191,orange_191,255,229,0,#FFE500,orange,58879
192,orange_192,255,229,0,#FFE500,orange,58879
193,orange_193,255,230,0,#FFE600,orange,59135
194,orange_194,255,231,0,#FFE700,orange,59391
195,orange_195,255,232,0,#FFE800,orange,59647
196,yellow_196,255,233,0,#FFE900,yellow,59903
197,yellow_197,255,233,0,#FFE900,yellow,59903
198,yellow_198,255,234,0,#FFEA00,yellow,60159
199,yellow_199,255,235,0,#FFEB00,yellow,60415
200,yellow_200,255,236,0,#FFEC00,yellow,60671
201,yellow_201,255,237,0,#FFED00,yellow,60927
202,yellow_202,255,237,0,#FFED00,yellow,60927
203,yellow_203,255,238,0,#FFEE00,yellow,61183
204,yellow_204,255,239,0,#FFEF00,yellow,61439
205,yellow_205,255,240,0,#FFF000,yellow,61695
206,yellow_206,255,241,0,#FFF100,yellow,61951
207,yellow_207,255,242,0,#FFF200,yellow,62207
208,yellow_208,255,242,0,#FFF200,yellow,62207
209,yellow_209,255,243,0,#FFF300,yellow,62463
210,yellow_210,255,244,0,#FFF400,yellow,62719
211,yellow_211,255,245,0,#FFF500,yellow,62975
212,yellow_212,255,246,0,#FFF600,yellow,63231
213,yellow_213,255,246,0,#FFF600,yellow,63231
214,yellow_214,255,247,0,#FFF700,yellow,63487
215,yellow_215,255,248,0,#FFF800,yellow,63743
216,yellow_216,255,249,0,#FFF900,yellow,63999
217,yellow_217,255,250,0,#FFFA00,yellow,64255
218,yellow_218,255,250,0,#FFFA00,yellow,64255
219,yellow_219,255,251,0,#FFFB00,yellow,64511
220,yellow_220,255,252,0,#FFFC00,yellow,64767
221,yellow_221,255,253,0,#FFFD00,yellow,65023
222,yellow_222,255,254,0,#FFFE00,yellow,65279
223,yellow_223,255,255,0,#FFFF00,yellow,65535
224,yellow_224,252,255,0,#FCFF00,yellow,65532
225,yellow_225,250,255,0,#FAFF00,yellow,65530
226,yellow_226,248,255,0,#F8FF00,yellow,65528
227,yellow_227,245,255,0,#F5FF00,yellow,65525
228,yellow_228,243,255,0,#F3FF00,yellow,65523
229,yellow_229,241,255,0,#F1FF00,yellow,65521
230,yellow_230,238,255,0,#EEFF00,yellow,65518
231,yellow_231,236,255,0,#ECFF00,yellow,65516
232,yellow_232,234,255,0,#EAFF00,yellow,65514
233,yellow_233,232,255,0,#E8FF00,yellow,65512
234,yellow_234,229,255,0,#E5FF00,yellow,65509
235,yellow_235,227,255,0,#E3FF00,yellow,65507
236,yellow_236,225,255,0,#E1FF00,yellow,65505
237,yellow_237,222,255,0,#DEFF00,yellow,65502
238,yellow_238,220,255,0,#DCFF00,yellow,65500
239,yellow_239,218,255,0,#DAFF00,yellow,65498
240,green_240,215,255,0,#D7FF00,green,65495
241,green_241,213,255,0,#D5FF00,green,65493
242,green_242,211,255,0,#D3FF00,green,65491
243,green_243,209,255,0,#D1FF00,green,65489
244,green_244,206,255,0,#CEFF00,green,65486
245,green_245,204,255,0,#CCFF00,green,65484
246,green_246,202,255,0,#CAFF00,green,65482
247,green_247,199,255,0,#C7FF00,green,65479
248,green_248,197,255,0,#C5FF00,green,65477
249,green_249,195,255,0,#C3FF00,green,65475
250,green_250,192,255,0,#C0FF00,green,65472
251,green_251,190,255,0,#BEFF00,green,65470
252,green_252,188,255,0,#BCFF00,green,65468
253,green_253,186,255,0,#BAFF00,green,65466
254,green_254,183,255,0,#B7FF00,green,65463
255,green_255,181,255,0,#B5FF00,green,65461
256,green_256,179,255,0,#B3FF00,green,65459
257,green_257,176,255,0,#B0FF00,green,65456
258,green_258,174,255,0,#AEFF00,green,65454
259,green_259,172,255,0,#ACFF00,green,65452
260,green_260,170,255,0,#AAFF00,green,65450
261,green_261,167,255,0,#A7FF00,green,65447
262,green_262,165,255,0,#A5FF00,green,65445
263,green_263,163,255,0,#A3FF00,green,65443
264,green_264,160,255,0,#A0FF00,green,65440
265,green_265,158,255,0,#9EFF00,green,65438
266,green_266,156,255,0,#9CFF00,green,65436
267,green_267,153,255,0,#99FF00,green,65433
268,green_268,151,255,0,#97FF00,green,65431
269,green_269,149,255,0,#95FF00,green,65429
270,green_270,147,255,0,#93FF00,green,65427
271,green_271,144,255,0,#90FF00,green,65424
272,green_272,142,255,0,#8EFF00,green,65422
273,green_273,140,255,0,#8CFF00,green,65420
274,green_274,137,255,0,#89FF00,green,65417
275,green_275,135,255,0,#87FF00,green,65415
276,green_276,133,255,0,#85FF00,green,65413
277,green_277,130,255,0,#82FF00,green,65410
278,green_278,128,255,0,#80FF00,green,65408
279,green_279,126,255,0,#7EFF00,green,65406
280,green_280,124,255,0,#7CFF00,green,65404
281,green_281,121,255,0,#79FF00,green,65401
282,green_282,119,255,0,#77FF00,green,65399
283,green_283,117,255,0,#75FF00,green,65397
284,green_284,114,255,0,#72FF00,green,65394
285,green_285,112,255,0,#70FF00,green,65392
286,green_286,110,255,0,#6EFF00,green,65390
287,green_287,107,255,0,#6BFF00,green,65387
288,green_288,105,255,0,#69FF00,green,65385
289,green_289,103,255,0,#67FF00,green,65383
290,green_290,101,255,0,#65FF00,green,65381
291,green_291,98,255,0,#62FF00,green,65378
292,green_292,96,255,0,#60FF00,green,65376
293,green_293,94,255,0,#5EFF00,green,65374
294,green_294,91,255,0,#5BFF00,green,65371
295,green_295,89,255,0,#59FF00,green,65369
296,green_296,87,255,0,#57FF00,green,65367
297,green_297,85,255,0,#55FF00,green,65365
298,green_298,82,255,0,#52FF00,green,65362
299,green_299,80,255,0,#50FF00,green,65360
300,green_300,78,255,0,#4EFF00,green,65358
301,green_301,75,255,0,#4BFF00,green,65355
302,green_302,73,255,0,#49FF00,green,65353
303,green_303,71,255,0,#47FF00,green,65351
304,green_304,68,255,0,#44FF00,green,65348
305,green_305,66,255,0,#42FF00,green,65346
306,green_306,64,255,0,#40FF00,green,65344
307,green_307,62,255,0,#3EFF00,green,65342
308,green_308,59,255,0,#3BFF00,green,65339
309,green_309,57,255,0,#39FF00,green,65337
310,green_310,55,255,0,#37FF00,green,65335
311,green_311,52,255,0,#34FF00,green,65332
312,green_312,50,255,0,#32FF00,green,65330
313,green_313,48,255,0,#30FF00,green,65328
314,green_314,45,255,0,#2DFF00,green,65325
315,green_315,43,255,0,#2BFF00,green,65323
316,green_316,41,255,0,#29FF00,green,65321
317,green_317,39,255,0,#27FF00,green,65319
318,green_318,36,255,0,#24FF00,green,65316
319,green_319,34,255,0,#22FF00,green,65314
320,green_320,32,255,0,#20FF00,green,65312
321,green_321,29,255,0,#1DFF00,green,65309
322,green_322,27,255,0,#1BFF00,green,65307
323,green_323,25,255,0,#19FF00,green,65305
324,green_324,22,255,0,#16FF00,green,65302
325,green_325,20,255,0,#14FF00,green,65300
326,green_326,18,255,0,#12FF00,green,65298
327,green_327,16,255,0,#10FF00,green,65296
328,green_328,13,255,0,#0DFF00,green,65293
329,green_329,11,255,0,#0BFF00,green,65291
330,green_330,9,255,0,#09FF00,green,65289
331,green_331,6,255,0,#06FF00,green,65286
332,green_332,4,255,0,#04FF00,green,65284
333,green_333,2,255,0,#02FF00,green,65282
334,green_334,0,255,0,#00FF00,green,65280
335,green_335,0,252,2,#00FC02,green,195584
336,green_336,0,250,4,#00FA04,green,326144
337,green_337,0,248,6,#00F806,green,456704
338,green_338,0,245,9,#00F509,green,652544
339,green_339,0,243,11,#00F30B,green,783104
340,green_340,0,241,13,#00F10D,green,913664
341,green_341,0,238,16,#00EE10,green,1109504
342,green_342,0,236,18,#00EC12,green,1240064
343,green_343,0,234,20,#00EA14,green,1370624
344,green_344,0,232,22,#00E816,green,1501184
345,green_345,0,229,25,#00E519,green,1697024
346,green_346,0,227,27,#00E31B,green,1827584
347,green_347,0,225,29,#00E11D,green,1958144
348,green_348,0,222,32,#00DE20,green,2153984
349,green_349,0,220,34,#00DC22,green,2284544
350,green_350,0,218,36,#00DA24,green,2415104
351,green_351,0,215,39,#00D727,green,2610944
352,green_352,0,213,41,#00D529,green,2741504
353,green_353,0,211,43,#00D32B,green,2872064
354,green_354,0,209,45,#00D12D,green,3002624
355,green_355,0,206,48,#00CE30,green,3198464
356,green_356,0,204,50,#00CC32,green,3329024
357,green_357,0,202,52,#00CA34,green,3459584
358,green_358,0,199,55,#00C737,green,3655424
359,green_359,0,197,57,#00C539,green,3785984
360,green_360,0,195,59,#00C33B,green,3916544
361,green_361,0,192,62,#00C03E,green,4112384
362,green_362,0,190,64,#00BE40,green,4242944
363,green_363,0,188,66,#00BC42,green,4373504
364,green_364,0,186,68,#00BA44,green,4504064
365,green_365,0,183,71,#00B747,green,4699904
366,green_366,0,181,73,#00B549,green,4830464
367,green_367,0,179,75,#00B34B,green,4961024
368,green_368,0,176,78,#00B04E,green,5156864
369,green_369,0,174,80,#00AE50,green,5287424
370,green_370,0,172,82,#00AC52,green,5417984
371,green_371,0,170,85,#00AA55,green,5614080
372,blue_372,0,167,87,#00A757,blue,5744384
373,blue_373,0,165,89,#00A559,blue,5874944
374,blue_374,0,163,91,#00A35B,blue,6005504
375,blue_375,0,160,94,#00A05E,blue,6201344
376,blue_376,0,158,96,#009E60,blue,6331904
377,blue_377,0,156,98,#009C62,blue,6462464
378,blue_378,0,153,101,#009965,blue,6658304
379,blue_379,0,151,103,#009767,blue,6788864
380,blue_380,0,149,105,#009569,blue,6919424
381,blue_381,0,147,107,#00936B,blue,7049984
382,blue_382,0,144,110,#00906E,blue,7245824
383,blue_383,0,142,112,#008E70,blue,7376384
384,blue_384,0,140,114,#008C72,blue,7506944
385,blue_385,0,137,117,#008975,blue,7702784
386,blue_386,0,135,119,#008777,blue,7833344
387,blue_387,0,133,121,#008579,blue,7963904
388,blue_388,0,130,124,#00827C,blue,8159744
389,blue_389,0,128,126,#00807E,blue,8290304
390,blue_390,0,126,128,#007E80,blue,8420864
391,blue_391,0,124,130,#007C82,blue,8551424
392,blue_392,0,121,133,#007985,blue,8747264
393,blue_393,0,119,135,#007787,blue,8877824
394,blue_394,0,117,137,#007589,blue,9008384
395,blue_395,0,114,140,#00728C,blue,9204224
396,blue_396,0,112,142,#00708E,blue,9334784
397,blue_397,0,110,144,#006E90,blue,9465344
398,blue_398,0,107,147,#006B93,blue,9661184
399,blue_399,0,105,149,#006995,blue,9791744
400,blue_400,0,103,151,#006797,blue,9922304
401,blue_401,0,101,153,#006599,blue,10052864
402,blue_402,0,98,156,#00629C,blue,10248704
403,blue_403,0,96,158,#00609E,blue,10379264
404,blue_404,0,94,160,#005EA0,blue,10509824
405,blue_405,0,91,163,#005BA3,blue,10705664
406,blue_406,0,89,165,#0059A5,blue,10836224
407,blue_407,0,87,167,#0057A7,blue,10966784
408,blue_408,0,85,170,#0055AA,blue,11162880
409,blue_409,0,82,172,#0052AC,blue,11293184
410,blue_410,0,80,174,#0050AE,blue,11423744
411,blue_411,0,78,176,#004EB0,blue,11554304
412,blue_412,0,75,179,#004BB3,blue,11750144
413,blue_413,0,73,181,#0049B5,blue,11880704
414,blue_414,0,71,183,#0047B7,blue,12011264
415,blue_415,0,68,186,#0044BA,blue,12207104
416,blue_416,0,66,188,#0042BC,blue,12337664
417,blue_417,0,64,190,#0040BE,blue,12468224
418,blue_418,0,62,192,#003EC0,blue,12598784
419,blue_419,0,59,195,#003BC3,blue,12794624
420,blue_420,0,57,197,#0039C5,blue,12925184
421,blue_421,0,55,199,#0037C7,blue,13055744
422,blue_422,0,52,202,#0034CA,blue,13251584
423,blue_423,0,50,204,#0032CC,blue,13382144
424,blue_424,0,48,206,#0030CE,blue,13512704
425,blue_425,0,45,209,#002DD1,blue,13708544
426,blue_426,0,43,211,#002BD3,blue,13839104
427,blue_427,0,41,213,#0029D5,blue,13969664
428,blue_428,0,39,215,#0027D7,blue,14100224
429,blue_429,0,36,218,#0024DA,blue,14296064
430,blue_430,0,34,220,#0022DC,blue,14426624
431,blue_431,0,32,222,#0020DE,blue,14557184
432,blue_432,0,29,225,#001DE1,blue,14753024
433,blue_433,0,27,227,#001BE3,blue,14883584
434,blue_434,0,25,229,#0019E5,blue,15014144
435,blue_435,0,22,232,#0016E8,blue,15209984
436,blue_436,0,20,234,#0014EA,blue,15340544
437,blue_437,0,18,236,#0012EC,blue,15471104
438,blue_438,0,16,238,#0010EE,blue,15601664
439,blue_439,0,13,241,#000DF1,blue,15797504
440,blue_440,0,11,243,#000BF3,blue,15928064
441,blue_441,0,9,245,#0009F5,blue,16058624
442,blue_442,0,6,248,#0006F8,blue,16254464
443,blue_443,0,4,250,#0004FA,blue,16385024
444,blue_444,0,2,252,#0002FC,blue,16515584
445,blue_445,0,0,255,#0000FF,blue,16711680
446,blue_446,1,0,254,#0100FE,blue,16646145
447,blue_447,2,0,254,#0200FE,blue,16646146
448,blue_448,4,0,254,#0400FE,blue,16646148
449,blue_449,5,1,254,#0501FE,blue,16646405
450,blue_450,7,1,254,#0701FE,blue,16646407
451,blue_451,8,1,254,#0801FE,blue,16646408
452,blue_452,10,2,254,#0A02FE,blue,16646666
453,blue_453,11,2,253,#0B02FD,blue,16581131
454,blue_454,12,2,253,#0C02FD,blue,16581132
455,blue_455,14,2,253,#0E02FD,blue,16581134
456,blue_456,15,3,253,#0F03FD,blue,16581391
457,blue_457,17,3,253,#1103FD,blue,16581393
458,blue_458,18,3,253,#1203FD,blue,16581394
459,blue_459,20,4,253,#1404FD,blue,16581652
460,blue_460,21,4,252,#1504FC,blue,16516117
461,blue_461,23,4,252,#1704FC,blue,16516119
462,blue_462,24,4,252,#1804FC,blue,16516120
463,blue_463,25,5,252,#1905FC,blue,16516377
464,blue_464,27,5,252,#1B05FC,blue,16516379
465,blue_465,28,5,252,#1C05FC,blue,16516380
466,blue_466,30,6,252,#1E06FC,blue,16516638
467,blue_467,31,6,252,#1F06FC,blue,16516639
468,blue_468,33,6,251,#2106FB,blue,16451105
469,blue_469,34,6,251,#2206FB,blue,16451106
470,blue_470,36,7,251,#2407FB,blue,16451364
471,blue_471,37,7,251,#2507FB,blue,16451365
472,blue_472,38,7,251,#2607FB,blue,16451366
473,blue_473,40,8,251,#2808FB,blue,16451624
474,blue_474,41,8,251,#2908FB,blue,16451625
475,blue_475,43,8,250,#2B08FA,blue,16386091
476,blue_476,44,8,250,#2C08FA,blue,16386092
477,blue_477,46,9,250,#2E09FA,blue,16386350
478,blue_478,47,9,250,#2F09FA,blue,16386351
479,blue_479,49,9,250,#3109FA,blue,16386353
480,blue_480,50,10,250,#320AFA,blue,16386610
481,blue_481,51,10,250,#330AFA,blue,16386611
482,blue_482,53,10,250,#350AFA,blue,16386613
483,blue_483,54,10,249,#360AF9,blue,16321078
484,blue_484,56,11,249,#380BF9,blue,16321336
485,blue_485,57,11,249,#390BF9,blue,16321337
486,blue_486,59,11,249,#3B0BF9,blue,16321339
487,blue_487,60,12,249,#3C0CF9,blue,16321596
488,blue_488,61,12,249,#3D0CF9,blue,16321597
489,blue_489,63,12,249,#3F0CF9,blue,16321599
490,blue_490,64,12,248,#400CF8,blue,16256064
491,blue_491,66,13,248,#420DF8,blue,16256322
492,blue_492,67,13,248,#430DF8,blue,16256323
493,blue_493,69,13,248,#450DF8,blue,16256325
494,blue_494,70,14,248,#460EF8,blue,16256582
495,blue_495,72,14,248,#480EF8,blue,16256584
496,blue_496,73,14,248,#490EF8,blue,16256585
497,blue_497,74,14,247,#4A0EF7,blue,16191050
498,blue_498,76,15,247,#4C0FF7,blue,16191308
499,blue_499,77,15,247,#4D0FF7,blue,16191309
500,blue_500,79,15,247,#4F0FF7,blue,16191311
501,blue_501,80,16,247,#5010F7,blue,16191568
502,blue_502,82,16,247,#5210F7,blue,16191570
503,blue_503,83,16,247,#5310F7,blue,16191571
504,blue_504,85,17,247,#5511F7,blue,16191829
505,blue_505,86,17,246,#5611F6,blue,16126294
506,blue_506,87,17,246,#5711F6,blue,16126295
507,blue_507,89,17,246,#5911F6,blue,16126297
508,blue_508,90,18,246,#5A12F6,blue,16126554
509,blue_509,92,18,246,#5C12F6,blue,16126556
510,blue_510,93,18,246,#5D12F6,blue,16126557
511,blue_511,95,19,246,#5F13F6,blue,16126815
512,blue_512,96,19,245,#6013F5,blue,16061280
513,blue_513,98,19,245,#6213F5,blue,16061282
514,blue_514,99,19,245,#6313F5,blue,16061283
515,blue_515,100,20,245,#6414F5,blue,16061540
516,blue_516,102,20,245,#6614F5,blue,16061542
517,blue_517,103,20,245,#6714F5,blue,16061543
518,blue_518,105,21,245,#6915F5,blue,16061801
519,blue_519,106,21,245,#6A15F5,blue,16061802
520,purple_520,108,21,244,#6C15F4,purple,15996268
521,purple_521,109,21,244,#6D15F4,purple,15996269
522,purple_522,110,22,244,#6E16F4,purple,15996526
523,purple_523,112,22,244,#7016F4,purple,15996528
524,purple_524,113,22,244,#7116F4,purple,15996529
525,purple_525,115,23,244,#7317F4,purple,15996787
526,purple_526,116,23,244,#7417F4,purple,15996788
527,purple_527,118,23,243,#7617F3,purple,15931254
528,purple_528,119,23,243,#7717F3,purple,15931255
529,purple_529,121,24,243,#7918F3,purple,15931513
530,purple_530,122,24,243,#7A18F3,purple,15931514
531,purple_531,123,24,243,#7B18F3,purple,15931515
532,purple_532,125,25,243,#7D19F3,purple,15931773
533,purple_533,126,25,243,#7E19F3,purple,15931774
534,purple_534,128,25,242,#8019F2,purple,15866240
535,purple_535,129,25,242,#8119F2,purple,15866241
536,purple_536,131,26,242,#831AF2,purple,15866499
537,purple_537,132,26,242,#841AF2,purple,15866500
538,purple_538,134,26,242,#861AF2,purple,15866502
539,purple_539,135,27,242,#871BF2,purple,15866759
540,purple_540,136,27,242,#881BF2,purple,15866760
541,purple_541,138,27,242,#8A1BF2,purple,15866762
542,purple_542,139,27,241,#8B1BF1,purple,15801227
543,purple_543,141,28,241,#8D1CF1,purple,15801485
544,purple_544,142,28,241,#8E1CF1,purple,15801486
545,purple_545,144,28,241,#901CF1,purple,15801488
546,purple_546,145,29,241,#911DF1,purple,15801745
547,purple_547,147,29,241,#931DF1,purple,15801747
548,purple_548,148,29,241,#941DF1,purple,15801748
549,purple_549,149,29,240,#951DF0,purple,15736213
550,purple_550,151,30,240,#971EF0,purple,15736471
551,purple_551,152,30,240,#981EF0,purple,15736472
552,purple_552,154,30,240,#9A1EF0,purple,15736474
553,purple_553,155,31,240,#9B1FF0,purple,15736731
554,purple_554,157,31,240,#9D1FF0,purple,15736733
555,purple_555,158,31,240,#9E1FF0,purple,15736734
556,purple_556,160,32,240,#A020F0,purple,15736992
557,purple_557,160,33,239,#A021EF,purple,15671712
558,purple_558,160,34,239,#A022EF,purple,15671968
559,purple_559,160,36,238,#A024EE,purple,15606944
560,purple_560,161,37,238,#A125EE,purple,15607201
561,purple_561,161,39,237,#A127ED,purple,15542177
562,purple_562,161,40,237,#A128ED,purple,15542433
563,purple_563,161,41,236,#A129EC,purple,15477153
564,purple_564,162,43,236,#A22BEC,purple,15477666
565,purple_565,162,44,235,#A22CEB,purple,15412386
566,purple_566,162,46,235,#A22EEB,purple,15412898
567,purple_567,162,47,235,#A22FEB,purple,15413154
568,purple_568,163,49,234,#A331EA,purple,15348131
569,purple_569,163,50,234,#A332EA,purple,15348387
570,purple_570,163,51,233,#A333E9,purple,15283107
571,purple_571,164,53,233,#A435E9,purple,15283620
572,purple_572,164,54,232,#A436E8,purple,15218340
573,purple_573,164,56,232,#A438E8,purple,15218852
574,purple_574,164,57,231,#A439E7,purple,15153572
575,purple_575,165,59,231,#A53BE7,purple,15154085
576,purple_576,165,60,230,#A53CE6,purple,15088805
577,purple_577,165,61,230,#A53DE6,purple,15089061
578,purple_578,165,63,230,#A53FE6,purple,15089573
579,purple_579,166,64,229,#A640E5,purple,15024294
580,purple_580,166,66,229,#A642E5,purple,15024806
581,purple_581,166,67,228,#A643E4,purple,14959526
582,purple_582,167,69,228,#A745E4,purple,14960039
583,purple_583,167,70,227,#A746E3,purple,14894759
584,purple_584,167,71,227,#A747E3,purple,14895015
585,purple_585,167,73,226,#A749E2,purple,14829991
586,purple_586,168,74,226,#A84AE2,purple,14830248
587,purple_587,168,76,226,#A84CE2,purple,14830760
588,purple_588,168,77,225,#A84DE1,purple,14765480
589,purple_589,168,78,225,#A84EE1,purple,14765736
590,purple_590,169,80,224,#A950E0,purple,14700713
591,purple_591,169,81,224,#A951E0,purple,14700969
592,purple_592,169,83,223,#A953DF,purple,14635945
593,purple_593,170,84,223,#AA54DF,purple,14636202
594,purple_594,170,86,222,#AA56DE,purple,14571178
595,purple_595,170,87,222,#AA57DE,purple,14571434
596,purple_596,170,88,221,#AA58DD,purple,14506154
597,purple_597,171,90,221,#AB5ADD,purple,14506667
598,purple_598,171,91,221,#AB5BDD,purple,14506923
599,purple_599,171,93,220,#AB5DDC,purple,14441899
600,purple_600,171,94,220,#AB5EDC,purple,14442155
601,purple_601,172,96,219,#AC60DB,purple,14377132
602,purple_602,172,97,219,#AC61DB,purple,14377388
603,purple_603,172,98,218,#AC62DA,purple,14312108
604,purple_604,172,100,218,#AC64DA,purple,14312620
605,purple_605,173,101,217,#AD65D9,purple,14247341
606,purple_606,173,103,217,#AD67D9,purple,14247853
607,purple_607,173,104,217,#AD68D9,purple,14248109
608,purple_608,174,106,216,#AE6AD8,purple,14183086
609,purple_609,174,107,216,#AE6BD8,purple,14183342
610,purple_610,174,108,215,#AE6CD7,purple,14118062
611,purple_611,174,110,215,#AE6ED7,purple,14118574
612,purple_612,175,111,214,#AF6FD6,purple,14053295
613,purple_613,175,113,214,#AF71D6,purple,14053807
614,purple_614,175,114,213,#AF72D5,purple,13988527
615,purple_615,175,115,213,#AF73D5,purple,13988783
616,purple_616,176,117,212,#B075D4,purple,13923760
617,purple_617,176,118,212,#B076D4,purple,13924016
618,purple_618,176,120,212,#B078D4,purple,13924528
619,purple_619,177,121,211,#B179D3,purple,13859249
620,purple_620,177,123,211,#B17BD3,purple,13859761
621,purple_621,177,124,210,#B17CD2,purple,13794481
622,purple_622,177,125,210,#B17DD2,purple,13794737
623,purple_623,178,127,209,#B27FD1,purple,13729714
624,purple_624,178,128,209,#B280D1,purple,13729970
625,purple_625,178,130,208,#B282D0,purple,13664946
626,purple_626,178,131,208,#B283D0,purple,13665202
627,purple_627,179,133,208,#B385D0,purple,13665715
628,purple_628,179,134,207,#B386CF,purple,13600435
629,purple_629,179,135,207,#B387CF,purple,13600691
630,purple_630,180,137,206,#B489CE,purple,13535668
631,purple_631,180,138,206,#B48ACE,purple,13535924
632,purple_632,180,140,205,#B48CCD,purple,13470900
633,purple_633,180,141,205,#B48DCD,purple,13471156
634,purple_634,181,143,204,#B58FCC,purple,13406133
635,purple_635,181,144,204,#B590CC,purple,13406389
636,purple_636,181,145,203,#B591CB,purple,13341109
637,purple_637,181,147,203,#B593CB,purple,13341621
638,purple_638,182,148,203,#B694CB,purple,13341878
639,purple_639,182,150,202,#B696CA,purple,13276854
640,purple_640,182,151,202,#B697CA,purple,13277110
641,purple_641,182,152,201,#B698C9,purple,13211830
642,purple_642,183,154,201,#B79AC9,purple,13212343
643,purple_643,183,155,200,#B79BC8,purple,13147063
644,purple_644,183,157,200,#B79DC8,purple,13147575
645,purple_645,184,158,199,#B89EC7,purple,13082296
646,purple_646,184,160,199,#B8A0C7,purple,13082808
647,purple_647,184,161,199,#B8A1C7,purple,13083064
648,purple_648,184,162,198,#B8A2C6,purple,13017784
649,purple_649,185,164,198,#B9A4C6,purple,13018297
650,purple_650,185,165,197,#B9A5C5,purple,12953017
651,purple_651,185,167,197,#B9A7C5,purple,12953529
652,purple_652,185,168,196,#B9A8C4,purple,12888249
653,purple_653,186,170,196,#BAAAC4,purple,12888762
654,purple_654,186,171,195,#BAABC3,purple,12823482
655,purple_655,186,172,195,#BAACC3,purple,12823738
656,grey_656,187,174,194,#BBAEC2,grey,12758715
657,grey_657,187,175,194,#BBAFC2,grey,12758971
658,grey_658,187,177,194,#BBB1C2,grey,12759483
659,grey_659,187,178,193,#BBB2C1,grey,12694203
660,grey_660,188,180,193,#BCB4C1,grey,12694716
661,grey_661,188,181,192,#BCB5C0,grey,12629436
662,grey_662,188,182,192,#BCB6C0,grey,12629692
663,grey_663,188,184,191,#BCB8BF,grey,12564668
664,grey_664,189,185,191,#BDB9BF,grey,12564925
665,grey_665,189,187,190,#BDBBBE,grey,12499901
666,grey_666,189,188,190,#BDBCBE,grey,12500157
667,grey_667,190,190,190,#BEBEBE,grey,12500670
668,grey_668,189,188,188,#BDBCBC,grey,12369085
669,grey_669,189,187,187,#BDBBBB,grey,12303293
670,grey_670,189,185,185,#BDB9B9,grey,12171709
671,grey_671,189,184,184,#BDB8B8,grey,12105917
672,grey_672,188,183,183,#BCB7B7,grey,12040124
673,grey_673,188,182,182,#BCB6B6,grey,11974332
674,grey_674,188,180,180,#BCB4B4,grey,11842748
675,grey_675,188,179,179,#BCB3B3,grey,11776956
676,grey_676,187,177,177,#BBB1B1,grey,11645371
677,grey_677,187,176,176,#BBB0B0,grey,11579579
678,grey_678,187,175,175,#BBAFAF,grey,11513787
679,grey_679,187,173,173,#BBADAD,grey,11382203
680,grey_680,187,172,172,#BBACAC,grey,11316411
681,grey_681,186,171,171,#BAABAB,grey,11250618
682,grey_682,186,170,170,#BAAAAA,grey,11184826
683,grey_683,186,168,168,#BAA8A8,grey,11053242
684,grey_684,186,167,167,#BAA7A7,grey,10987450
685,brown_685,185,165,165,#B9A5A5,brown,10855865
686,brown_686,185,164,164,#B9A4A4,brown,10790073
687,brown_687,185,163,163,#B9A3A3,brown,10724281
688,brown_688,185,161,161,#B9A1A1,brown,10592697
689,brown_689,185,160,160,#B9A0A0,brown,10526905
690,brown_690,184,159,159,#B89F9F,brown,10461112
691,brown_691,184,157,157,#B89D9D,brown,10329528
692,brown_692,184,156,156,#B89C9C,brown,10263736
693,brown_693,184,155,155,#B89B9B,brown,10197944
694,brown_694,183,153,153,#B79999,brown,10066359
695,brown_695,183,152,152,#B79898,brown,10000567
696,brown_696,183,151,151,#B79797,brown,9934775
697,brown_697,183,149,149,#B79595,brown,9803191
698,brown_698,183,148,148,#B79494,brown,9737399
699,brown_699,182,147,147,#B69393,brown,9671606
700,brown_700,182,145,145,#B69191,brown,9540022
701,brown_701,182,144,144,#B69090,brown,9474230
702,brown_702,182,143,143,#B68F8F,brown,9408438
703,brown_703,181,141,141,#B58D8D,brown,9276853
704,brown_704,181,140,140,#B58C8C,brown,9211061
705,brown_705,181,139,139,#B58B8B,brown,9145269
706,brown_706,181,137,137,#B58989,brown,9013685
707,brown_707,180,136,136,#B48888,brown,8947892
708,brown_708,180,135,135,#B48787,brown,8882100
709,brown_709,180,133,133,#B48585,brown,8750516
710,brown_710,180,132,132,#B48484,brown,8684724
711,brown_711,180,131,131,#B48383,brown,8618932
712,brown_712,179,130,130,#B38282,brown,8553139
713,brown_713,179,128,128,#B38080,brown,8421555
714,brown_714,179,127,127,#B37F7F,brown,8355763
715,brown_715,179,125,125,#B37D7D,brown,8224179
716,brown_716,178,124,124,#B27C7C,brown,8158386
717,brown_717,178,123,123,#B27B7B,brown,8092594
718,brown_718,178,121,121,#B27979,brown,7961010
719,brown_719,178,120,120,#B27878,brown,7895218
720,brown_720,178,119,119,#B27777,brown,7829426
721,brown_721,177,117,117,#B17575,brown,7697841
722,brown_722,177,116,116,#B17474,brown,7632049
723,brown_723,177,115,115,#B17373,brown,7566257
724,brown_724,177,113,113,#B17171,brown,7434673
725,brown_725,176,112,112,#B07070,brown,7368880
726,brown_726,176,111,111,#B06F6F,brown,7303088
727,brown_727,176,109,109,#B06D6D,brown,7171504
728,brown_728,176,108,108,#B06C6C,brown,7105712
729,brown_729,176,107,107,#B06B6B,brown,7039920
730,brown_730,175,105,105,#AF6969,brown,6908335
731,brown_731,175,104,104,#AF6868,brown,6842543
732,brown_732,175,103,103,#AF6767,brown,6776751
733,brown_733,175,101,101,#AF6565,brown,6645167
734,brown_734,174,100,100,#AE6464,brown,6579374
735,brown_735,174,99,99,#AE6363,brown,6513582
736,brown_736,174,97,97,#AE6161,brown,6381998
737,brown_737,174,96,96,#AE6060,brown,6316206
738,brown_738,174,95,95,#AE5F5F,brown,6250414
739,brown_739,173,93,93,#AD5D5D,brown,6118829
740,brown_740,173,92,92,#AD5C5C,brown,6053037
741,brown_741,173,91,91,#AD5B5B,brown,5987245
742,brown_742,173,89,89,#AD5959,brown,5855661
743,brown_743,172,88,88,#AC5858,brown,5789868
744,brown_744,172,87,87,#AC5757,brown,5724076
745,brown_745,172,85,85,#AC5555,brown,5592492
746,brown_746,172,84,84,#AC5454,brown,5526700
747,brown_747,171,83,83,#AB5353,brown,5460907
748,brown_748,171,81,81,#AB5151,brown,5329323
749,brown_749,171,80,80,#AB5050,brown,5263531
750,brown_750,171,79,79,#AB4F4F,brown,5197739
751,brown_751,171,77,77,#AB4D4D,brown,5066155
752,brown_752,170,76,76,#AA4C4C,brown,5000362
753,brown_753,170,75,75,#AA4B4B,brown,4934570
754,brown_754,170,73,73,#AA4949,brown,4802986
755,brown_755,170,72,72,#AA4848,brown,4737194
756,brown_756,169,71,71,#A94747,brown,4671401
757,brown_757,169,69,69,#A94545,brown,4539817
758,brown_758,169,68,68,#A94444,brown,4474025
759,brown_759,169,67,67,#A94343,brown,4408233
760,brown_760,169,65,65,#A94141,brown,4276649
761,brown_761,168,64,64,#A84040,brown,4210856
762,brown_762,168,63,63,#A83F3F,brown,4145064
763,brown_763,168,61,61,#A83D3D,brown,4013480
764,brown_764,168,60,60,#A83C3C,brown,3947688
765,brown_765,167,59,59,#A73B3B,brown,3881895
766,brown_766,167,57,57,#A73939,brown,3750311
767,brown_767,167,56,56,#A73838,brown,3684519
768,brown_768,167,55,55,#A73737,brown,3618727
769,brown_769,167,53,53,#A73535,brown,3487143
770,brown_770,166,52,52,#A63434,brown,3421350
771,brown_771,166,51,51,#A63333,brown,3355558
772,brown_772,166,49,49,#A63131,brown,3223974
773,brown_773,166,48,48,#A63030,brown,3158182
774,brown_774,165,47,47,#A52F2F,brown,3092389
775,brown_775,165,45,45,#A52D2D,brown,2960805
776,brown_776,165,44,44,#A52C2C,brown,2895013
777,brown_777,165,43,43,#A52B2B,brown,2829221
778,brown_778,164,41,41,#A42929,brown,2697636
779,brown_779,163,41,41,#A32929,brown,2697635
780,brown_780,162,41,41,#A22929,brown,2697634
781,brown_781,160,40,40,#A02828,brown,2631840
782,brown_782,159,40,40,#9F2828,brown,2631839
783,brown_783,157,40,40,#9D2828,brown,2631837
784,brown_784,156,39,39,#9C2727,brown,2566044
785,brown_785,154,39,39,#9A2727,brown,2566042
786,brown_786,153,38,38,#992626,brown,2500249
787,brown_787,151,38,38,#972626,brown,2500247
788,brown_788,150,38,38,#962626,brown,2500246
789,brown_789,148,37,37,#942525,brown,2434452
790,brown_790,147,37,37,#932525,brown,2434451
791,brown_791,145,37,37,#912525,brown,2434449
792,brown_792,144,36,36,#902424,brown,2368656
793,brown_793,142,36,36,#8E2424,brown,2368654
794,brown_794,141,35,35,#8D2323,brown,2302861
795,brown_795,139,35,35,#8B2323,brown,2302859
796,brown_796,138,35,35,#8A2323,brown,2302858
797,brown_797,136,34,34,#882222,brown,2237064
798,brown_798,135,34,34,#872222,brown,2237063
799,brown_799,133,34,34,#852222,brown,2237061
800,brown_800,132,33,33,#842121,brown,2171268
801,brown_801,130,33,33,#822121,brown,2171266
802,brown_802,129,32,32,#812020,brown,2105473
803,brown_803,127,32,32,#7F2020,brown,2105471
804,brown_804,126,32,32,#7E2020,brown,2105470
805,brown_805,124,31,31,#7C1F1F,brown,2039676
806,brown_806,123,31,31,#7B1F1F,brown,2039675
807,brown_807,121,31,31,#791F1F,brown,2039673
808,brown_808,120,30,30,#781E1E,brown,1973880
809,brown_809,118,30,30,#761E1E,brown,1973878
810,brown_810,117,29,29,#751D1D,brown,1908085
811,brown_811,115,29,29,#731D1D,brown,1908083
812,brown_812,114,29,29,#721D1D,brown,1908082
813,brown_813,112,28,28,#701C1C,brown,1842288
814,brown_814,111,28,28,#6F1C1C,brown,1842287
815,brown_815,109,27,27,#6D1B1B,brown,1776493
816,brown_816,108,27,27,#6C1B1B,brown,1776492
817,brown_817,107,27,27,#6B1B1B,brown,1776491
818,brown_818,105,26,26,#691A1A,brown,1710697
819,brown_819,104,26,26,#681A1A,brown,1710696
820,brown_820,102,26,26,#661A1A,brown,1710694
821,brown_821,101,25,25,#651919,brown,1644901
822,brown_822,99,25,25,#631919,brown,1644899
823,brown_823,98,24,24,#621818,brown,1579106
824,brown_824,96,24,24,#601818,brown,1579104
825,brown_825,95,24,24,#5F1818,brown,1579103
826,brown_826,93,23,23,#5D1717,brown,1513309
827,brown_827,92,23,23,#5C1717,brown,1513308
828,brown_828,90,23,23,#5A1717,brown,1513306
829,brown_829,89,22,22,#591616,brown,1447513
830,brown_830,87,22,22,#571616,brown,1447511
831,brown_831,86,21,21,#561515,brown,1381718
832,brown_832,84,21,21,#541515,brown,1381716
833,brown_833,83,21,21,#531515,brown,1381715
834,brown_834,81,20,20,#511414,brown,1315921
835,brown_835,80,20,20,#501414,brown,1315920
836,brown_836,78,20,20,#4E1414,brown,1315918
837,brown_837,77,19,19,#4D1313,brown,1250125
838,brown_838,75,19,19,#4B1313,brown,1250123
839,brown_839,74,18,18,#4A1212,brown,1184330
840,brown_840,72,18,18,#481212,brown,1184328
841,brown_841,71,18,18,#471212,brown,1184327
842,brown_842,69,17,17,#451111,brown,1118533
843,brown_843,68,17,17,#441111,brown,1118532
844,brown_844,66,17,17,#421111,brown,1118530
845,brown_845,65,16,16,#411010,brown,1052737
846,brown_846,63,16,16,#3F1010,brown,1052735
847,brown_847,62,15,15,#3E0F0F,brown,986942
848,brown_848,60,15,15,#3C0F0F,brown,986940
849,brown_849,59,15,15,#3B0F0F,brown,986939
850,brown_850,57,14,14,#390E0E,brown,921145
851,brown_851,56,14,14,#380E0E,brown,921144
852,brown_852,54,13,13,#360D0D,brown,855350
853,brown_853,53,13,13,#350D0D,brown,855349
854,brown_854,52,13,13,#340D0D,brown,855348
855,brown_855,50,12,12,#320C0C,brown,789554
856,brown_856,49,12,12,#310C0C,brown,789553
857,brown_857,47,12,12,#2F0C0C,brown,789551
858,brown_858,46,11,11,#2E0B0B,brown,723758
859,brown_859,44,11,11,#2C0B0B,brown,723756
860,brown_860,43,10,10,#2B0A0A,brown,657963
861,brown_861,41,10,10,#290A0A,brown,657961
862,brown_862,40,10,10,#280A0A,brown,657960
863,brown_863,38,9,9,#260909,brown,592166
864,brown_864,37,9,9,#250909,brown,592165
865,brown_865,35,9,9,#230909,brown,592163
866,brown_866,34,8,8,#220808,brown,526370
867,brown_867,32,8,8,#200808,brown,526368
868,brown_868,31,7,7,#1F0707,brown,460575
869,brown_869,29,7,7,#1D0707,brown,460573
870,brown_870,28,7,7,#1C0707,brown,460572
871,brown_871,26,6,6,#1A0606,brown,394778
872,brown_872,25,6,6,#190606,brown,394777
873,brown_873,23,6,6,#170606,brown,394775
874,black_874,22,5,5,#160505,black,328982
875,black_875,20,5,5,#140505,black,328980
876,black_876,19,4,4,#130404,black,263187
877,black_877,17,4,4,#110404,black,263185
878,black_878,16,4,4,#100404,black,263184
879,black_879,14,3,3,#0E0303,black,197390
880,black_880,13,3,3,#0D0303,black,197389
881,black_881,11,3,3,#0B0303,black,197387
882,black_882,10,2,2,#0A0202,black,131594
883,black_883,8,2,2,#080202,black,131592
884,black_884,7,1,1,#070101,black,65799
885,black_885,5,1,1,#050101,black,65797
886,black_886,4,1,1,#040101,black,65796
887,black_887,2,0,0,#020000,black,2
888,black_888,1,0,0,#010000,black,1
889,black_889,0,0,0,#000000,black,0
890,black_890,2,2,2,#020202,black,131586
891,black_891,4,4,4,#040404,black,263172
892,black_892,6,6,6,#060606,black,394758
893,black_893,9,9,9,#090909,black,592137
894,black_894,11,11,11,#0B0B0B,black,723723
895,black_895,13,13,13,#0D0D0D,black,855309
896,black_896,16,16,16,#101010,black,1052688
897,black_897,18,18,18,#121212,black,1184274
898,black_898,20,20,20,#141414,black,1315860
899,black_899,22,22,22,#161616,black,1447446
900,black_900,25,25,25,#191919,black,1644825
901,black_901,27,27,27,#1B1B1B,black,1776411
902,black_902,29,29,29,#1D1D1D,black,1907997
903,black_903,32,32,32,#202020,black,2105376
904,black_904,34,34,34,#222222,black,2236962
905,black_905,36,36,36,#242424,black,2368548
906,grey_906,39,39,39,#272727,grey,2565927
907,grey_907,41,41,41,#292929,grey,2697513
908,grey_908,43,43,43,#2B2B2B,grey,2829099
909,grey_909,45,45,45,#2D2D2D,grey,2960685
910,grey_910,48,48,48,#303030,grey,3158064
911,grey_911,50,50,50,#323232,grey,3289650
912,grey_912,52,52,52,#343434,grey,3421236
913,grey_913,55,55,55,#373737,grey,3618615
914,grey_914,57,57,57,#393939,grey,3750201
915,grey_915,59,59,59,#3B3B3B,grey,3881787
916,grey_916,62,62,62,#3E3E3E,grey,4079166
917,grey_917,64,64,64,#404040,grey,4210752
918,grey_918,66,66,66,#424242,grey,4342338
919,grey_919,68,68,68,#444444,grey,4473924
920,grey_920,71,71,71,#474747,grey,4671303
921,grey_921,73,73,73,#494949,grey,4802889
922,grey_922,75,75,75,#4B4B4B,grey,4934475
923,grey_923,78,78,78,#4E4E4E,grey,5131854
924,grey_924,80,80,80,#505050,grey,5263440
925,grey_925,82,82,82,#525252,grey,5395026
926,grey_926,85,85,85,#555555,grey,5592405
927,grey_927,87,87,87,#575757,grey,5723991
928,grey_928,89,89,89,#595959,grey,5855577
929,grey_929,91,91,91,#5B5B5B,grey,5987163
930,grey_930,94,94,94,#5E5E5E,grey,6184542
931,grey_931,96,96,96,#606060,grey,6316128
932,grey_932,98,98,98,#626262,grey,6447714
933,grey_933,101,101,101,#656565,grey,6645093
934,grey_934,103,103,103,#676767,grey,6776679
935,grey_935,105,105,105,#696969,grey,6908265
936,grey_936,107,107,107,#6B6B6B,grey,7039851
937,grey_937,110,110,110,#6E6E6E,grey,7237230
938,grey_938,112,112,112,#707070,grey,7368816
939,grey_939,114,114,114,#727272,grey,7500402
940,grey_940,117,117,117,#757575,grey,7697781
941,grey_941,119,119,119,#777777,grey,7829367
942,grey_942,121,121,121,#797979,grey,7960953
943,grey_943,124,124,124,#7C7C7C,grey,8158332
944,grey_944,126,126,126,#7E7E7E,grey,8289918
945,grey_945,128,128,128,#808080,grey,8421504
946,grey_946,130,130,130,#828282,grey,8553090
947,grey_947,133,133,133,#858585,grey,8750469
948,grey_948,135,135,135,#878787,grey,8882055
949,grey_949,137,137,137,#898989,grey,9013641
950,grey_950,140,140,140,#8C8C8C,grey,9211020
951,grey_951,142,142,142,#8E8E8E,grey,9342606
952,grey_952,144,144,144,#909090,grey,9474192
953,grey_953,147,147,147,#939393,grey,9671571
954,grey_954,149,149,149,#959595,grey,9803157
955,grey_955,151,151,151,#979797,grey,9934743
956,grey_956,153,153,153,#999999,grey,10066329
957,grey_957,156,156,156,#9C9C9C,grey,10263708
958,grey_958,158,158,158,#9E9E9E,grey,10395294
959,grey_959,160,160,160,#A0A0A0,grey,10526880
960,grey_960,163,163,163,#A3A3A3,grey,10724259
961,grey_961,165,165,165,#A5A5A5,grey,10855845
962,grey_962,167,167,167,#A7A7A7,grey,10987431
963,grey_963,169,169,169,#A9A9A9,grey,11119017
964,grey_964,172,172,172,#ACACAC,grey,11316396
965,grey_965,174,174,174,#AEAEAE,grey,11447982
966,grey_966,176,176,176,#B0B0B0,grey,11579568
967,grey_967,179,179,179,#B3B3B3,grey,11776947
968,grey_968,181,181,181,#B5B5B5,grey,11908533
969,grey_969,183,183,183,#B7B7B7,grey,12040119
970,grey_970,186,186,186,#BABABA,grey,12237498
971,grey_971,188,188,188,#BCBCBC,grey,12369084
972,grey_972,190,190,190,#BEBEBE,grey,12500670
973,grey_973,192,192,192,#C0C0C0,grey,12632256
974,grey_974,195,195,195,#C3C3C3,grey,12829635
975,white_975,197,197,197,#C5C5C5,white,12961221
976,white_976,199,199,199,#C7C7C7,white,13092807
977,white_977,202,202,202,#CACACA,white,13290186
978,white_978,204,204,204,#CCCCCC,white,13421772
979,white_979,206,206,206,#CECECE,white,13553358
980,white_980,209,209,209,#D1D1D1,white,13750737
981,white_981,211,211,211,#D3D3D3,white,13882323
982,white_982,213,213,213,#D5D5D5,white,14013909
983,white_983,215,215,215,#D7D7D7,white,14145495
984,white_984,218,218,218,#DADADA,white,14342874
985,white_985,220,220,220,#DCDCDC,white,14474460
986,white_986,222,222,222,#DEDEDE,white,14606046
987,white_987,225,225,225,#E1E1E1,white,14803425
988,white_988,227,227,227,#E3E3E3,white,14935011
989,white_989,229,229,229,#E5E5E5,white,15066597
990,white_990,232,232,232,#E8E8E8,white,15263976
991,white_991,234,234,234,#EAEAEA,white,15395562
992,white_992,236,236,236,#ECECEC,white,15527148
993,white_993,238,238,238,#EEEEEE,white,15658734
994,white_994,241,241,241,#F1F1F1,white,15856113
995,white_995,243,243,243,#F3F3F3,white,15987699
996,white_996,245,245,245,#F5F5F5,white,16119285
997,white_997,248,248,248,#F8F8F8,white,16316664
998,white_998,250,250,250,#FAFAFA,white,16448250
999,white_999,252,252,252,#FCFCFC,white,16579836
1000,white_1000,255,255,255,#FFFFFF,white,16777215